INSERT INTO `audit_questions_groups` (`id`, `group_name`, `group_name_fr`, `created_at`, `updated_at`) 
VALUES
(16, 'NIST - CSF Key Controls', 'NIST - Contrôles clés du CSF', NULL, '2024-01-19 20:30:30'),
(21, 'Asset Assessment', 'valuation des actifs', NULL, NULL),
(22, 'Infra Gouv Assessment', 'valuation Infra Gouv', NULL, NULL)
ON DUPLICATE KEY UPDATE
    `group_name` = VALUES(`group_name`),
    `group_name_fr` = VALUES(`group_name_fr`),
    `created_at` = IFNULL(`created_at`, VALUES(`created_at`)),
    `updated_at` = IFNULL(`updated_at`, VALUES(`updated_at`));



INSERT INTO `group_section` (`id`, `section_title`, `section_title_fr`, `group_id`, `number`, `created_at`, `updated_at`) 
VALUES
(30, 'ASSET MANAGEMENT (ID.AM)', 'GESTION DES ACTIFS (ID.AM)', 16, 1, '2023-11-08 13:06:36', '2023-11-08 13:06:36'),
(31, 'DATA SECURITY (PR.DS)', 'SCURIT DES DONNES (PR.DS)', 16, 2, '2023-11-08 13:06:37', '2023-11-08 13:06:37'),
(32, 'IDENTITY MANAGEMENT, AUTHENTICATION AND ACCESS CONTROL (PR.AC)', 'GESTION DES IDENTITS, AUTHENTIFICATION ET CONTRLE D\'ACCS (PR.AC)', 16, 3, '2023-11-08 13:14:12', '2023-11-08 13:14:12'),
(33, 'INFORMATION PROTECTION PROCESSES AND PROCEDURES (PR.IP)', 'PROCESSUS ET PROCDURES DE PROTECTION DE L\'INFORMATION (PR.IP)', 16, 4, '2023-11-08 13:23:35', '2023-11-08 13:23:35'),
(34, 'SECURITY CONTINUOUS MONITORING (DE.CM)', 'SURVEILLANCE CONTINUE DE LA SCURIT (DE.CM)', 16, 5, '2023-11-08 13:28:42', '2023-11-08 13:28:42'),
(35, 'COMMUNICATIONS (RS.CO)', 'COMMUNICATIONS (RS.CO)', 16, 6, '2023-11-08 13:32:09', '2023-11-08 13:32:09'),
(36, 'ANALYSE (RS.AN)', 'ANALYSE (RS.AN)', 16, 7, '2023-11-08 13:33:54', '2023-11-08 13:33:54'),
(39, 'ASSET MANAGEMENT', 'GESTION DES ACTIFS', 21, 1, '2023-11-17 20:49:45', '2023-11-17 20:49:45'),
(40, 'IDENTITY MANAGEMENT, AUTHENTICATION AND ACCESS CONTROL', 'GESTION DE L\'IDENTIT, AUTHENTIFICATION ET CONTRLE D\'ACCS', 21, 2, '2023-11-17 21:00:22', '2023-11-17 21:00:22'),
(41, 'DATA SECURITY', 'SCURIT DES DONNES', 21, 3, '2023-11-17 21:04:46', '2023-11-17 21:04:46'),
(42, 'INFORMATION PROTECTION PROCESSES AND PROCEDURES', 'PROCESSUS ET PROCDURES DE PROTECTION DE L\'INFORMATION', 21, 4, '2023-11-17 21:07:04', '2023-11-17 21:07:04'),
(43, 'PROTECTIVE TECHNOLOGY', 'TECHNOLOGIE DE PROTECTION', 21, 5, '2023-11-17 21:09:38', '2023-11-17 21:09:38'),
(44, 'ASSET MANAGEMENT', 'GESTION DES ACTIFS', 22, 1, '2023-11-17 21:56:04', '2023-11-17 21:56:04'),
(45, 'GOVERNANCE', 'GOUVERNANCE', 22, 2, '2023-11-17 21:58:13', '2023-11-17 21:58:13'),
(46, 'IDENTITY MANAGEMENT, AUTHENTICATION AND ACCESS CONTROL', 'GESTION DE L\'IDENTIT, AUTHENTIFICATION ET CONTRLE D\'ACCS', 22, 3, '2023-11-17 21:59:02', '2023-11-17 21:59:02'),
(47, 'AWARENESS AND TRAINING', 'SENSIBILISATION ET FORMATION', 22, 4, '2023-11-17 21:59:52', '2023-11-17 21:59:52'),
(48, 'INFORMATION PROTECTION PROCESSES AND PROCEDURES', 'PROCESSUS ET PROCDURES DE PROTECTION DE L\'INFORMATION', 22, 5, '2023-11-17 22:02:16', '2023-11-17 22:02:16'),
(49, 'SECURITY CONTINUOUS MONITORING', 'CONTRLE CONTINU DE LA SCURIT', 22, 6, '2023-11-17 22:02:59', '2023-11-17 22:02:59'),
(50, 'ANALYSIS', 'ANALYSE', 22, 7, '2023-11-17 22:03:55', '2023-11-17 22:03:55')
ON DUPLICATE KEY UPDATE
    `section_title` = VALUES(`section_title`),
    `section_title_fr` = VALUES(`section_title_fr`),
    `group_id` = VALUES(`group_id`),
    `number` = VALUES(`number`),
    `created_at` = IFNULL(`created_at`, VALUES(`created_at`)),
    `updated_at` = IFNULL(`updated_at`, VALUES(`updated_at`));


INSERT INTO `group_questions` (`id`, `question`, `question_fr`, `question_short`, `question_short_fr`, `question_num`, `question_comment`, `question_comment_fr`, `additional_comments`, `question_assoc_type`, `parent_question`, `is_parent`, `parent_q_id`, `form_key`, `type`, `options`, `options_fr`, `is_data_inventory_question`, `accepted_formates`, `dropdown_value_from`, `attachment_allow`, `not_sure_option`, `control_id`, `section_id`, `created_at`, `updated_at`) VALUES
(144, 'Are the organization\'s information assets inventoried?', 'Les actifs informationnels au sein de l\'organisation sont elles inventories?', 'Asset inventory', 'Inventaire des actifs', '1.1', NULL, NULL, NULL, NULL, NULL, NULL, NULL, NULL, 'qa', '', '', NULL, 'null', NULL, 0, NULL, 'ID.AM-2', 30, '2023-11-08 13:06:36', '2023-11-08 13:06:36'),
(145, 'Are system criticality and data confidentiality classified and updated correctly?', 'La criticit du systme et la confidentialit des donnes sont-elles classes et mises  jour correctement?', 'Asset classification', 'Classification des actif', '1.3', NULL, NULL, NULL, NULL, NULL, NULL, NULL, NULL, 'qa', '', '', NULL, 'null', NULL, 0, NULL, 'ID.AM-5', 30, '2023-11-08 13:06:36', '2023-11-08 13:06:36'),
(146, 'Are data encrypted at rest and in transit?', 'Les donnes sont-elles chiffres au repos et en transit ?', 'Data encryption', 'Chiffrement des donnes', '2.1', NULL, NULL, NULL, NULL, NULL, NULL, NULL, NULL, 'qa', '', '', NULL, 'null', NULL, 0, NULL, 'PR.DS-1, PR.DS-2', 31, '2023-11-08 13:09:14', '2023-11-08 13:09:14'),
(147, 'Are all available security patches applied and verified at least monthly?', 'Tous les patchs de scurit disponibles sont-ils appliqus et vrifis au moins une fois par mois ?', 'Patch management', 'Gestion des patchs', '2.2', 'Applications, servers, network equipment, end-user devices', 'Applications, serveurs, quipements rseaux, appareils des utilisateurs finaux', NULL, NULL, NULL, NULL, NULL, NULL, 'qa', '', '', NULL, 'null', NULL, 0, NULL, 'PR.DS-5, PR.DS-6, PR.DS-8', 31, '2023-11-08 13:11:20', '2023-11-08 13:11:20'),
(148, 'Are development, test, and staging environment separate from the production environment?\nAre classified information saved on the production environment only unless appropriately obfuscated?', 'Les environnements de dveloppement, de test et de mise en scne sont-ils spars de l\'environnement de production ?\nLes informations classifies sont-elles sauvegardes uniquement dans l\'environnement de production,  moins qu\'elles ne soient obscurcies de manire approprie ?', 'Environment separation', 'Sparation des environnements', '2.3', NULL, NULL, NULL, NULL, NULL, NULL, NULL, NULL, 'qa', '', '', NULL, 'null', NULL, 0, NULL, 'PR.DS-7', 31, '2023-11-08 13:13:03', '2023-11-08 14:00:25'),
(149, 'Are privileged users\' access rights periodically reviewed?Is access provided according to the principle of least privilege?', 'Les droits d\'accs des utilisateurs privilgis sont-ils rviss priodiquement?\nL\'accs est-il provisionn selon le principe du moindre privilge?', 'Account review', 'Revue de compte privilgi', '3.1', NULL, NULL, NULL, NULL, NULL, NULL, NULL, NULL, 'qa', '', '', NULL, 'null', NULL, 0, NULL, 'PR.AC-1', 32, '2023-11-08 13:15:36', '2023-11-08 14:00:47'),
(150, 'Is network integrity protected by network segregation or segmentation?', 'L\'intgrit du rseau est elle protge par une sgrgation ou segmentation du rseau ?', 'Network segregation', 'Sgrgation du rseau', '3.2', NULL, NULL, NULL, NULL, NULL, NULL, NULL, NULL, 'qa', '', '', NULL, 'null', NULL, 0, NULL, 'PR.AC-5', 32, '2023-11-08 13:16:58', '2023-11-08 13:16:58'),
(151, 'Where single sign-on is not enabled, are passwords configured in accordance with requirements and settings included in the organisation security policy ?', 'Lorsque le SSO n\'est pas activ, les mots de passe sont-ils configurs conformment aux exigences et aux paramtres inclus dans la Politique de scurit?', 'Password compliance', 'Conformit des MDP', '3.3', NULL, NULL, NULL, NULL, NULL, NULL, NULL, NULL, 'qa', '', '', NULL, 'null', NULL, 0, NULL, 'PR.AC-6A', 32, '2023-11-08 13:18:16', '2023-11-08 13:18:16'),
(152, 'Is single sign-on enabled? If not, are unique identifiers required?', 'L\'authentification SSO est-elle active ?  Si ce n\'est pas le cas, des identifiants uniques sont-ils requis ?', 'SSO & single sign-on', 'SSO & identifiant unique', '3.4', NULL, NULL, NULL, NULL, NULL, NULL, NULL, NULL, 'qa', '', '', NULL, 'null', NULL, 0, NULL, 'PR.AC-6B', 32, '2023-11-08 13:19:47', '2023-11-08 13:19:47'),
(153, 'Is remote access configured to use multi-factor authentication for sensitive data?', 'L\'accs  distance est-il configur pour utiliser l\'authentification multifacteur pour les donnes sensibles?', 'MFA', 'MFA', '3.5', 'If the application is ONLY accessible via VPN, the MFA is already in place', 'Si l\'application est UNIQUEMENT accessible via le VPN, le MFA est dj en place', NULL, NULL, NULL, NULL, NULL, NULL, 'qa', '', '', NULL, 'null', NULL, 0, NULL, 'PR.AC-7', 32, '2023-11-08 13:22:30', '2023-11-08 13:22:30'),
(154, 'Are periodic backups performed and tested regularly ?', 'Des sauvegardes priodiques sont-elles effectues et testes ?', 'Backup procedures', 'Sauvegarde', '4.1', 'If so, are they proportionate to the criticality of the system?', 'Sont-elles proportionnes  la criticit du systme ?', NULL, NULL, NULL, NULL, NULL, NULL, 'qa', '', '', NULL, 'null', NULL, 0, NULL, 'PR.IP-4', 33, '2023-11-08 13:25:17', '2023-11-08 13:25:17'),
(155, 'Has this application experienced a cybersecurity incident or data breach in the last five years?\nIs there an incident response plan?', 'Cette application a-t-elle connu un incident de cyberscurit ou une faille de scurit des donnes au cours des cinq dernires annes?\nExiste-t-il un plan de rponse aux incidents?', 'Incident response plan', 'Rponse aux incidents', '4.2', NULL, NULL, NULL, NULL, NULL, NULL, NULL, NULL, 'qa', '', '', NULL, 'null', NULL, 0, NULL, 'PR.IP-9, PR.IP-10', 33, '2023-11-08 13:26:29', '2023-11-08 14:01:17'),
(156, 'Do we have a disaster response and recovery plan?\n Is there an annual schedule for testing this plan and other corporate resilience exercises and tests?', 'Avons-nous un plan d\'intervention et de rtablissement aprs sinistre ?\nExiste-t-il un calendrier annuel de test de ce plan et d\'autres exercices et tests de rsilience de l\'entreprise?', 'DR & BCP', 'DR & BCP', '4.3', NULL, NULL, NULL, NULL, NULL, NULL, NULL, NULL, 'qa', '', '', NULL, 'null', NULL, 0, NULL, 'PR.IP-9, PR.IP-10, ID.BE-5', 33, '2023-11-08 13:27:52', '2023-11-08 14:01:37'),
(157, 'Do we have monitoring in place to detect potential cybersecurity events?', 'Avons-nous une survellance du rseau pour dtecter les vnements potentiels de cyberscurit ?\nL\'environnement physique est t\'il surveill pour dtecter les vnements potentiels de cyberscurit ?', 'Cybersecurity monitoring', 'Surveillance scurit', '5.1', NULL, NULL, NULL, NULL, NULL, NULL, NULL, NULL, 'qa', '', '', NULL, 'null', NULL, 0, NULL, 'DE.CM-1, DE.CM-2', 34, '2023-11-08 13:30:06', '2023-11-08 14:01:48'),
(158, 'Is a vulnerability analysis performed on sensitive applications?', 'Une analyse de vulnrabilit est t\'elle effectue sure les applications les plus sensibles ?', 'Vulnerability analysis', 'Analyses vulnrabilit', '5.2', NULL, NULL, NULL, NULL, NULL, NULL, NULL, NULL, 'qa', '', '', NULL, 'null', NULL, 0, NULL, 'DE.CM-8', 34, '2023-11-08 13:31:15', '2023-11-08 14:01:57'),
(159, 'Are detection roles and responsibilities well defined?\nDo personnel know their roles and the order of operations when responding to an incident?', 'Les rles et les responsabilits en matire de dtection sont t\'il bien dfinis ?\nLe personnel connat ses rles et l\'ordre des oprations lorsqu\'une intervention ?', 'Roles and responsibilities', 'RACI', '6.1', NULL, NULL, NULL, NULL, NULL, NULL, NULL, NULL, 'qa', '', '', NULL, 'null', NULL, 0, NULL, 'DE.DP-1, RS.CO-1', 35, '2023-11-08 13:33:10', '2023-11-08 14:02:21'),
(160, 'Are system notifications and logs studied?', 'Les notifications et logs des systmes sont t\'il tudies ?', 'Detection systems', 'Systmes de dtection', '7.1', NULL, NULL, NULL, NULL, NULL, NULL, NULL, NULL, 'qa', '', '', NULL, 'null', NULL, 0, NULL, 'RS.AN-1', 36, '2023-11-08 13:35:01', '2023-11-08 13:35:01'),
(177, 'What is your name?', 'What is your name?', 'name', 'name', '1.1', NULL, NULL, NULL, NULL, NULL, NULL, NULL, NULL, 'qa', '', '', NULL, 'null', NULL, 0, NULL, '001', 37, '2023-11-09 18:31:34', '2023-11-09 18:31:34'),
(178, 'What is your age?', 'What is your age?', 'Age', 'Age', '1.2', NULL, NULL, NULL, NULL, NULL, NULL, NULL, NULL, 'qa', '', '', NULL, 'null', NULL, 0, NULL, '003', 37, '2023-11-09 18:33:54', '2023-11-09 18:33:54'),
(182, 'Are the physical devices and applications within the organization inventoried?', 'Les dispositifs physiques et les applications au sein de l\'organisation ont-ils t inventoris ?', 'Inventory', 'Inventaire', '1.1', 'Physical devices and applications within the organization are inventoried', 'Les dispositifs physiques et les applications au sein de l\'organisation sont inventoris.', NULL, NULL, NULL, NULL, NULL, NULL, 'qa', '', '', NULL, 'null', NULL, 0, NULL, 'ID.AM-1, ID.AM-2', 38, '2023-11-15 16:55:52', '2023-11-15 16:55:52'),
(183, 'Are the physical devices and applications within the organization inventoried?', 'Les dispositifs physiques et les applications au sein de l\'organisation ont-ils t inventoris ?', 'Inventory', 'Inventaire', '1.1', NULL, NULL, NULL, NULL, NULL, NULL, NULL, NULL, 'qa', '', '', NULL, 'null', NULL, 0, NULL, 'ID.AM-1, ID.AM-2', 39, '2023-11-17 20:51:53', '2023-11-17 20:51:53'),
(184, 'Are system criticality and data confidentiality classified and updated correctly?', 'La criticit des systmes et la confidentialit des donnes sont-elles classes et mises  jour correctement ?', 'Asset classification', 'Classification des actifs', '1.2', NULL, NULL, NULL, NULL, NULL, NULL, NULL, NULL, 'qa', '', '', NULL, 'null', NULL, 0, NULL, 'ID.AM-5', 39, '2023-11-17 20:54:38', '2023-11-17 20:54:38'),
(185, 'Is remote access managed?', 'L\'accs  distance est-il gr ?', 'Remote access management', 'Gestion de l\'accs  distance', '2.1', NULL, NULL, NULL, NULL, NULL, NULL, NULL, NULL, 'qa', '', '', NULL, 'null', NULL, 0, NULL, 'PR.AC-3', 40, '2023-11-17 21:02:02', '2023-11-17 21:02:02'),
(186, 'Is the development, test and staging environment separate from the production environment?', 'L\'environnement de dveloppement, de test et de mise en scne est-il spar de l\'environnement de production ?', 'Environmental separation', 'Sparation environnementale', '3.1', NULL, NULL, NULL, NULL, NULL, NULL, NULL, NULL, 'qa', '', '', NULL, 'null', NULL, 0, NULL, 'PR.DS-7', 41, '2023-11-17 21:06:07', '2023-11-17 21:06:07'),
(187, 'Has this application experienced a security incident in the last 7 years? For internal systems: Is a response plan executed during or after a security incident in the company?', 'Cette application a-t-elle connu un incident de scurit au cours des sept dernires annes ? Pour les systmes internes : Un plan d\'intervention est-il excut pendant ou aprs un incident de scurit dans l\'entreprise ?', 'Incident response plan', 'Plan de rponse aux incidents', '4.1', NULL, NULL, NULL, NULL, NULL, NULL, NULL, NULL, 'qa', '', '', NULL, 'null', NULL, 0, NULL, 'PR.IP-9, RS.RP-1', 42, '2023-11-17 21:08:31', '2023-11-17 21:08:31'),
(188, 'Are audit/journal records determined, documented, implemented and reviewed?', 'Les enregistrements des audits/journaux sont-ils dtermins, documents, mis en uvre et examins ?', 'Log review', 'Revue de presse', '5.1', NULL, NULL, NULL, NULL, NULL, NULL, NULL, NULL, 'qa', '', '', NULL, 'null', NULL, 0, NULL, 'PR.PT-1', 43, '2023-11-17 21:10:47', '2023-11-17 21:10:47'),
(189, 'Are cybersecurity roles and responsibilities established for the entire workforce and third-party stakeholders?', 'Les rles et responsabilits en matire de cyberscurit ont-ils t dfinis pour l\'ensemble du personnel et les parties prenantes tierces ?', 'RACI Cybersecurity', 'RACI Cyberscurit', '1.1', NULL, NULL, NULL, NULL, NULL, NULL, NULL, NULL, 'qa', '', '', NULL, 'null', NULL, 0, NULL, 'ID.AM-6', 44, '2023-11-17 21:57:29', '2023-11-17 21:57:29'),
(190, 'Are legal and regulatory cybersecurity requirements, including privacy and civil liberties obligations, understood and managed?', 'Les exigences lgales et rglementaires en matire de cyberscurit, y compris les obligations en matire de protection de la vie prive et des liberts civiles, sont-elles comprises et gres ?', 'Legal obligations', 'Obligations lgales', '2.1', NULL, NULL, NULL, NULL, NULL, NULL, NULL, NULL, 'qa', '', '', NULL, 'null', NULL, 0, NULL, 'ID.GV-3', 45, '2023-11-17 22:05:47', '2023-11-17 22:05:47'),
(191, 'Are privileged user access rights periodically reviewed?', 'Les droits d\'accs des utilisateurs privilgis sont-ils priodiquement rexamins ?', 'Privileged account review', 'Examen des comptes privilgis', '3.1', NULL, NULL, NULL, NULL, NULL, NULL, NULL, NULL, 'qa', '', '', NULL, 'null', NULL, 0, NULL, 'PR.AC-1', 46, '2023-11-17 22:07:10', '2023-11-17 22:07:10'),
(192, 'Are access authorizations managed in line with the principles of least privilege and segregation of duties?', 'Les autorisations d\'accs sont-elles gres conformment aux principes du moindre privilge et de la sparation des tches ?', 'Least privilege access', 'Accs au moindre privilge', '3.2', NULL, NULL, NULL, NULL, NULL, NULL, NULL, NULL, 'qa', '', '', NULL, 'null', NULL, 0, NULL, 'PR.AC-4', 46, '2023-11-17 22:08:54', '2023-11-17 22:08:54'),
(193, 'Are users informed and trained about cybersecurity within the company?', 'Les utilisateurs sont-ils informs et forms  la cyberscurit au sein de l\'entreprise ?', 'Training and awareness', 'Formation et sensibilisation', '4.1', NULL, NULL, NULL, NULL, NULL, NULL, NULL, NULL, 'qa', '', '', NULL, 'null', NULL, 0, NULL, 'PR.AT-1', 47, '2023-11-17 22:11:40', '2023-11-17 22:11:40'),
(194, 'Are periodic backups performed and tested regularly?', 'Des sauvegardes priodiques sont-elles effectues et testes rgulirement ?', 'Backup procedures', 'Procdures de sauvegarde', '5.1', NULL, NULL, NULL, NULL, NULL, NULL, NULL, NULL, 'qa', '', '', NULL, 'null', NULL, 0, NULL, 'PR.IP-4', 48, '2023-11-17 22:13:09', '2023-11-17 22:13:09'),
(195, 'For internal systems: is there an incident response plan?', 'Pour les systmes internes : existe-t-il un plan d\'intervention en cas d\'incident ?', 'IRP', 'PIR', '5.2', 'Intervention and recovery plans (IRP)', 'Plans d\'intervention et de redressement (PIR)', NULL, NULL, NULL, NULL, NULL, NULL, 'qa', '', '', NULL, 'null', NULL, 0, NULL, 'PR.IP-10', 48, '2023-11-17 22:16:22', '2023-11-17 22:16:22'),
(196, 'Is the network monitored for potential cybersecurity events?', 'Le rseau est-il surveill pour dtecter d\'ventuels vnements lis  la cyberscurit ?', 'Cybersecurity monitoring', 'Contrle de la cyberscurit', '6.1', NULL, NULL, NULL, NULL, NULL, NULL, NULL, NULL, 'qa', '', '', NULL, 'null', NULL, 0, NULL, 'DE.CM-1', 49, '2023-11-17 22:18:21', '2023-11-17 22:18:21'),
(197, 'Are system notifications and logs studied? Are detection roles and responsibilities defined and known by staff?', 'Les notifications et les journaux du systme sont-ils tudis ? Les rles et responsabilits en matire de dtection sont-ils dfinis et connus du personnel ?', 'Detection systems', 'Systmes de dtection', '7.1', NULL, NULL, NULL, NULL, NULL, NULL, NULL, NULL, 'qa', '', '', NULL, 'null', NULL, 0, NULL, 'RS.AN-1, DE.DP-1', 50, '2023-11-17 22:19:35', '2023-11-17 22:19:35')
ON DUPLICATE KEY UPDATE
    `question` = VALUES(`question`),
    `question_fr` = VALUES(`question_fr`),
    `question_short` = VALUES(`question_short`),
    `question_short_fr` = VALUES(`question_short_fr`),
    `question_num` = VALUES(`question_num`),
    `question_comment` = VALUES(`question_comment`),
    `question_comment_fr` = VALUES(`question_comment_fr`),
    `additional_comments` = VALUES(`additional_comments`),
    `question_assoc_type` = VALUES(`question_assoc_type`),
    `parent_question` = VALUES(`parent_question`),
    `is_parent` = VALUES(`is_parent`),
    `parent_q_id` = VALUES(`parent_q_id`),
    `form_key` = VALUES(`form_key`),
    `type` = VALUES(`type`),
    `options` = VALUES(`options`),
    `options_fr` = VALUES(`options_fr`),
    `is_data_inventory_question` = VALUES(`is_data_inventory_question`),
    `accepted_formates` = VALUES(`accepted_formates`),
    `dropdown_value_from` = VALUES(`dropdown_value_from`),
    `attachment_allow` = VALUES(`attachment_allow`),
    `not_sure_option` = VALUES(`not_sure_option`),
    `control_id` = VALUES(`control_id`),
    `section_id` = VALUES(`section_id`),
    `created_at` = VALUES(`created_at`),
    `updated_at` = VALUES(`updated_at`);